Unnamed: 0,allelectrons_Total,density_Total,allelectrons_Average,val_e_Average,atomicweight_Average,ionenergy_Average,el_neg_chi_Average,R_vdw_element_Average,R_cov_element_Average,zaratio_Average,density_Average
210,593.0,61.67039175,17.96969696969697,4.636363636363637,40.034618484848494,11.014615151515152,2.658181818181818,1.7863636363636362,0.9515151515151516,0.4987021212121213,1.86879975
214,385.0,34.16939175,11.666666666666664,4.636363636363637,23.563497272727272,11.107545454545452,2.6463636363636365,1.766060606060606,0.9315151515151516,0.5122293939393939,1.0354361136363637
299,107.0,22.325328,15.285714285714285,4.285714285714286,32.687178857142854,10.967771428571426,2.63,1.747142857142857,0.9185714285714284,0.4807514285714286,3.1893325714285714
197,144.0,22.707,36.0,4.5,84.1611,8.932974999999997,2.24,1.9075,1.2,0.4628675,5.67675
412,288.0,23.912312,10.285714285714286,4.571428571428571,20.86836578,10.50705714285714,2.5960714285714284,1.772857142857143,0.9485714285714286,0.4943871428571429,0.8540111428571429
369,135.0,11.206324,11.25,4.583333333333333,22.757818791666665,10.459208333333336,2.575833333333333,1.731666666666667,0.9733333333333332,0.4953025,0.9338603333333332
312,348.0,23.290973000000005,7.565217391304348,4.173913043478262,14.928258195652177,12.286128260869566,2.749565217391305,1.5297826086956523,0.6826086956521739,0.6273463043478261,0.5063255000000001
509,454.0,35.30196299999999,11.073170731707316,4.975609756097562,22.278910621951223,11.111646341463416,2.7231707317073166,1.7534146341463417,0.9097560975609756,0.4977526829268293,0.8610234878048779
26,362.0,37.68639975,17.238095238095234,4.761904761904762,39.6271985,11.453147619047618,2.77952380952381,1.7147619047619052,0.8847619047619049,0.5097547619047619,1.7945904642857142
542,555.4,69.14142425,7.3465608465608465,3.3412698412698414,14.62165910714286,12.40335343915344,2.5957936507936514,1.4644179894179896,0.6280423280423281,0.6985566137566138,0.9145691038359788
150,720.0,116.129292,10.0,3.888888888888889,20.528928166666667,11.813072222222226,2.6927777777777777,1.5488888888888888,0.7355555555555555,0.6016088888888889,1.6129068333333332
449,122.0,14.091992,12.2,4.8,24.808518,11.20276,2.727,1.767,0.91,0.496167,1.4091992
384,278.0,34.055328,39.71428571428572,5.142857142857143,97.94230285714283,10.960357142857143,2.7371428571428567,1.7342857142857144,0.9871428571428572,0.4553328571428572,4.865046857142857
207,366.0,33.241971,11.4375,4.625,23.560949575,10.85110625,2.6340625,1.7915625,0.945,0.492723125,1.03881159375
107,60.0,12.902,20.0,4.666666666666667,40.93713333333333,9.4533,2.356666666666667,1.856666666666667,1.0833333333333333,0.4916733333333334,4.300666666666667
587,574.0,68.346642,10.436363636363636,3.5636363636363635,23.71077927272727,13.065292727272729,2.752,1.3972727272727272,0.5856363636363636,0.7063972727272727,1.2426662181818182
116,50.0,3.253996,10.0,4.8,20.016938,11.64556,2.774,1.714,0.882,0.499726,0.6507991999999999
92,250.0,34.1891515,11.363636363636363,4.363636363636363,23.26685811363636,11.322854545454543,2.6954545454545453,1.7022727272727274,0.8500000000000001,0.53838,1.554052340909091
620,106.0,16.601327999999995,15.142857142857142,4.571428571428571,31.834302857142852,11.63035714285714,2.7085714285714286,1.7428571428571429,0.8714285714285713,0.48802,2.371618285714285
392,78.0,5.6253280000000006,11.142857142857142,4.571428571428571,22.35173142857143,10.911928571428572,2.567142857142857,1.7457142857142858,0.9771428571428572,0.49876,0.8036182857142858
558,36.0,0.8649950000000001,18.0,4.0,37.27215,8.65415,1.99,2.25,1.5,0.48273,0.4324975
466,256.0,23.3814855,8.0,3.6875,15.883778031249998,11.974778125,2.5909375000000003,1.5287499999999998,0.7118749999999999,0.6513800000000001,0.730671421875
273,58.0,6.283996,11.6,4.4,24.033618,11.06572,2.634,1.6800000000000002,0.96,0.490654,1.2567992
123,564.0,44.4654595,10.444444444444445,4.666666666666667,20.980445203703702,11.101775925925928,2.6703703703703705,1.7135185185185184,0.897037037037037,0.5159053703703704,0.8234344351851852
49,130.0,13.355328,21.66666666666667,5.666666666666668,50.54252,12.041516666666665,3.023333333333333,1.65,0.8416666666666668,0.4824666666666666,2.2258880000000003
404,431.7,53.803002,9.244111349036404,4.211991434689507,18.830035256873657,11.690603211991435,2.738565310492505,1.5586509635974304,0.7537473233404711,0.5779256745182013,1.1520985438972162
532,284.0,55.034,40.57142857142857,2.8571428571428568,93.96814285714288,7.532971428571429,1.9242857142857144,2.091428571428572,1.3257142857142856,0.4375828571428572,7.862
22,232.0,29.12639975,11.047619047619047,4.761904761904762,22.76056459523809,11.560509523809523,2.8033333333333337,1.6766666666666667,0.8266666666666668,0.5161538095238095,1.386971416666667
181,488.0,73.79013549999998,11.902439024390244,4.682926829268292,24.428765853658533,11.574673170731709,2.8041463414634147,1.701463414634146,0.824390243902439,0.5178409756097562,1.7997594024390242
206,358.0,33.24039175,10.848484848484848,4.484848484848484,22.28821989090909,10.954069696969697,2.6293939393939394,1.7636363636363634,0.9151515151515152,0.5084778787878789,1.0072845984848484
159,226.0,18.204399750000004,10.272727272727272,4.727272727272728,20.65217479545455,11.148754545454542,2.702272727272728,1.6954545454545455,0.8754545454545455,0.519605,0.8274727159090911
149,564.0,54.029292000000005,7.833333333333332,4.055555555555555,15.71835125,11.493638888888889,2.65611111111111,1.5155555555555555,0.7355555555555555,0.6043172222222223,0.7504068333333334
147,728.0,113.177292,10.111111111111107,4.0,20.65142388888889,12.053727777777777,2.725,1.5777777777777782,0.7244444444444444,0.6034611111111112,1.5719068333333333
294,28.0,0.973995,14.0,4.0,29.21788464,9.05335,2.045,2.01,1.3,0.4789899999999999,0.4869975
552,93.0,10.082327,7.75,3.9166666666666665,15.57035849983333,12.874275000000004,2.7883333333333336,1.4466666666666663,0.6208333333333335,0.6598700000000001,0.8401939166666668
405,88.0,13.551332,44.0,4.0,108.295515,12.0278,2.67,1.875,0.98,0.44942,6.775666
180,390.0,30.8521355,9.51219512195122,4.682926829268292,19.043717073170733,11.530931707317071,2.715365853658537,1.6485365853658531,0.8517073170731708,0.5226504878048781,0.7524911097560976
265,98.0,13.35,49.0,5.0,119.6295,8.888349999999997,2.19,1.91,1.245,0.44736,6.675
266,312.0,38.844,44.57142857142857,5.428571428571429,107.62811428571428,9.0611,2.2742857142857145,1.9085714285714288,1.23,0.4551385714285714,5.549142857142856
102,790.0,105.514,39.5,5.3,93.78445,9.273855,2.279,1.907,1.2145,0.457149,5.2757
476,568.0,63.368979,27.04761904761905,5.428571428571429,64.58836409495238,11.663257142857145,2.857619047619047,1.6900000000000002,0.9142857142857144,0.4719685714285714,3.017570428571428
471,240.0,44.191,34.285714285714285,3.7142857142857135,77.36308571428572,8.916714285714287,2.225714285714285,1.97,1.2285714285714289,0.4604228571428571,6.3130000000000015
42,80.0,5.876743749999998,8.888888888888891,4.4444444444444455,17.994228864222222,11.477833333333333,2.6811111111111106,1.6233333333333333,0.8277777777777778,0.5485311111111112,0.6529715277777777
490,92.0,19.334,30.66666666666667,4.0,68.56273,9.159866666666668,1.95,1.913333333333333,1.2133333333333332,0.4488266666666667,6.4446666666666665
41,80.0,5.876907999999999,10.0,5.0,20.492449117625004,11.68835,2.80875,1.6825,0.88625,0.489795,0.7346134999999999
618,210.0,12.51940075,6.1764705882352935,3.7647058823529416,12.117015867529412,12.752929411764706,2.730882352941176,1.4041176470588237,0.5970588235294118,0.6856432352941177,0.368217669117647
357,106.0,19.6268275,10.6,3.8,22.111243,12.20004,2.7950000000000004,1.5419999999999998,0.703,0.5896600000000001,1.96268275
248,112.0,13.044328,18.666666666666668,4.5,40.968055,11.241433333333331,2.763333333333333,1.7633333333333334,0.98,0.4800083333333334,2.1740546666666667
316,406.0,31.8001355,9.902439024390244,4.682926829268292,19.851597,11.362826829268291,2.7004878048780485,1.673170731707317,0.8668292682926829,0.5222117073170731,0.7756130609756098
209,411.0,36.136971,12.84375,4.78125,26.230985625,11.003309375,2.645,1.7978125,0.966875,0.4959356250000001,1.12928034375
127,557.0,39.6494595,10.314814814814817,4.537037037037037,20.85344705555556,10.872007407407413,2.647037037037037,1.7705555555555554,0.9307407407407408,0.5142098148148149,0.73424925
177,100.0,5.62148,10.0,4.8,20.9941265318,12.59399,2.8280000000000003,1.747,0.964,0.475954,0.562148
334,138.0,11.437322,5.52,3.52,10.930223542399998,12.082260000000002,2.6184,1.5096,0.6464,0.6497568000000001,0.45749288
344,164.0,17.685487499999994,9.647058823529411,4.705882352941177,19.63303417623529,12.013247058823527,2.837058823529412,1.571764705882353,0.7611764705882352,0.5518929411764706,1.040322794117647
362,82.0,13.89,41.0,4.0,95.225235,9.08885,2.28,1.97,1.29,0.437,6.945
444,228.0,24.409986,28.5,5.5,68.16233625,11.6104,2.8487500000000003,1.725,0.94625,0.468765,3.05124825
271,152.0,6.9074895000000005,5.846153846153847,3.3846153846153846,11.390171867692306,12.488273076923075,2.607692307692308,1.4603846153846154,0.6415384615384615,0.6875565384615385,0.2656726730769231
96,76.0,15.751995999999998,15.2,4.4,31.937418,11.33182,2.7960000000000003,1.7280000000000002,0.8800000000000001,0.4862359999999999,3.1503992000000003
184,122.0,10.960656,9.384615384615383,4.9230769230769225,18.91155692307692,11.381338461538462,2.8,1.7315384615384617,0.8323076923076923,0.4939269230769231,0.8431273846153846
20,379.0,46.19539975,18.047619047619047,4.714285714285714,41.38155380952381,11.595571428571429,2.8038095238095235,1.7209523809523808,0.8733333333333335,0.5092704761904762,2.1997809404761903
523,127.0,26.092,31.75,4.25,70.86454624999998,9.251425,1.985,1.88,1.1925,0.449615,6.5230000000000015
499,418.0,32.985963,10.195121951219512,4.878048780487805,20.61176616146341,11.016612195121953,2.7163414634146346,1.7495121951219512,0.8960975609756098,0.4957468292682927,0.8045356829268292
609,558.0,67.01329899999999,8.365817091454272,3.859070464767616,16.790440179910046,12.363634782608695,2.713043478260869,1.5186956521739132,0.6695352323838081,0.6442812743628186,1.0046971364317838
191,77.0,11.2954955,9.625,3.875,19.705225,12.1934125,2.745,1.5425,0.695,0.617395,1.4119369375
280,376.9,31.280203,9.060096153846157,4.637019230769232,18.18793610091346,11.468539182692306,2.7472355769230763,1.6463942307692312,0.8016826923076923,0.544180841346154,0.7519279567307693
553,68.0,4.243996,13.6,4.8,29.525338,11.5619,2.764,1.75,0.914,0.486658,0.8487992
421,58.0,4.075328000000002,9.666666666666666,5.0,19.397353333333328,11.711716666666668,2.828333333333333,1.6516666666666666,0.85,0.4987149999999999,0.6792213333333335
459,236.0,18.20589925,9.44,4.48,18.89450222,11.443499999999998,2.6916,1.6407999999999998,0.8216,0.5566228000000001,0.72823597
0,110.0,23.0,36.66666666666666,2.6666666666666665,82.59846666666667,8.504133333333334,2.1466666666666665,2.0066666666666664,1.2533333333333334,0.4568033333333333,7.666666666666668
187,574.0,87.89663600000002,15.513513513513516,4.648648648648648,33.34512675675676,11.319354054054056,2.7956756756756755,1.7291891891891893,0.9145945945945948,0.4834724324324325,2.3755847567567567
408,448.0,30.2904645,7.724137931034483,4.275862068965517,15.25794425862069,12.27828448275862,2.77,1.5432758620689655,0.6886206896551724,0.6178922413793103,0.5222493879310345
216,575.0,59.70439175,17.424242424242426,4.636363636363637,38.72077,11.020499999999998,2.664545454545454,1.7827272727272727,0.9466666666666668,0.4993384848484849,1.8092239924242424
385,3328.0,4.4896195,8.0,5.9519230769230775,15.999171991730767,13.569408894230769,3.4199038461538467,1.5222596153846155,0.6440384615384614,0.5022797355769231,0.0107923545673076
516,111.0,13.612327000000002,9.25,3.9166666666666665,19.232677916666667,12.8161,2.773333333333333,1.4508333333333334,0.63,0.6562183333333333,1.1343605833333334
196,362.0,54.207322,51.71428571428572,4.0,127.03700428571427,11.614757142857142,2.48,1.9914285714285715,1.1314285714285717,0.4363314285714286,7.7439031428571425
574,90.0,7.736488,10.0,5.333333333333333,20.44888925844444,12.160144444444445,2.9822222222222217,1.6444444444444444,0.82,0.4899577777777778,0.8596097777777778
486,63.0,9.773996,12.6,4.8,26.2038268,11.288,2.754,1.7420000000000002,0.8699999999999999,0.4907199999999999,1.9547992
536,124.0,15.266328,20.666666666666668,5.0,46.44374833333333,11.63995,2.901666666666667,1.72,0.92,0.4767116666666666,2.544388
27,235.0,22.52139975,11.190476190476188,4.714285714285714,22.719772857142853,11.525985714285715,2.7614285714285707,1.710952380952381,0.8695238095238096,0.5195676190476191,1.0724476071428573
287,260.0,16.684981,6.842105263157895,3.789473684210527,13.48303251473684,12.188505263157897,2.6578947368421053,1.5047368421052632,0.6736842105263158,0.6531652631578947,0.439078447368421
221,410.0,35.702971000000005,12.8125,4.78125,26.20264325,10.988671875,2.6362499999999995,1.7981250000000002,0.9684375,0.4956075,1.11571784375
253,173.0,25.721328,28.83333333333333,4.666666666666667,68.70049999999999,11.35495,2.75,1.765,0.985,0.4683433333333333,4.286887999999999
192,92.0,6.697992,9.2,4.8,18.439538,11.79886,2.805,1.656,0.8480000000000001,0.4991960000000001,0.6697991999999999
335,70.0,3.7468275,7.777777777777778,4.4444444444444455,15.37487,12.588166666666664,2.8322222222222213,1.4811111111111108,0.6977777777777777,0.60856,0.4163141666666667
293,382.0,3.6074435,8.127659574468085,5.702127659574468,16.215127021276597,13.38826170212766,3.317021276595745,1.5248936170212766,0.6582978723404256,0.5209170212765958,0.0767541170212766
71,128.0,20.415992000000006,12.8,4.8,26.385218,11.38168,2.81,1.7400000000000002,0.86,0.49282,2.0415992000000003
463,246.0,23.380648,11.181818181818182,4.909090909090909,22.64556804545455,11.23676818181818,2.7686363636363645,1.7236363636363636,0.8899999999999999,0.4964981818181819,1.0627567272727274
420,132.0,23.656743750000004,14.666666666666664,4.222222222222221,31.446287222222228,11.881144444444445,2.801111111111111,1.6077777777777778,0.7955555555555555,0.5383777777777777,2.6285270833333336
21,222.0,17.34639975,10.571428571428571,4.761904761904762,21.345322309523805,11.434719047619048,2.7509523809523806,1.7014285714285715,0.8695238095238096,0.5203414285714286,0.8260190357142857
612,710.0,50.797608,11.26984126984127,4.825396825396825,22.698901375428573,11.213325396825397,2.683174603174603,1.752063492063492,0.9457142857142856,0.4966171428571429,0.8063112380952382
285,390.0,31.2321355,9.51219512195122,4.682926829268292,19.11021989170732,11.327639024390244,2.7114634146341463,1.6802439024390243,0.8536585365853658,0.5213246341463414,0.7617594024390244
322,233.0,17.05539975,10.590909090909092,4.681818181818182,21.2474685,11.154545454545453,2.674545454545455,1.7168181818181816,0.8981818181818181,0.5203877272727273,0.7752454431818182
375,9852.0,27.4218755,7.977327935222672,5.967611336032388,15.953774515789476,13.582798299595142,3.4263805668016185,1.5215870445344133,0.6415222672064778,0.5007827692307691,0.0222039477732793
414,61.0,14.632,30.5,3.5,66.8074975,8.71425,1.96,1.91,1.185,0.4587699999999999,7.316000000000002
238,252.0,39.964992,28.0,4.666666666666667,66.44510444444444,11.371833333333337,2.751111111111112,1.7755555555555556,0.9822222222222222,0.4689922222222223,4.440554666666666
228,574.0,59.27039175,17.393939393939394,4.636363636363637,38.69328648484849,11.00630606060606,2.656060606060606,1.7830303030303032,0.9481818181818182,0.4990203030303031,1.7960724772727268
303,450.0,38.405968,10.975609756097562,4.878048780487805,22.11563295121952,10.88956585365854,2.6878048780487807,1.7356097560975612,0.9180487804878048,0.4970075609756098,0.9367309268292682
162,156.0,25.021992,17.333333333333332,4.4444444444444455,37.51688,11.458755555555555,2.8522222222222213,1.724444444444445,0.9111111111111108,0.4831422222222222,2.780221333333333
368,174.0,26.731324,14.5,4.333333333333333,29.97368416666667,10.938358333333332,2.6308333333333334,1.781666666666667,0.9733333333333332,0.4912400000000001,2.227610333333333
604,474.4,36.096299,7.112443778110944,3.949025487256372,14.028482623688154,12.20731544227886,2.6965067466266865,1.494617691154423,0.6659670164917542,0.6456874212893553,0.5411738980509745
313,350.0,23.682973000000004,7.446808510638298,4.085106382978723,14.736200331063827,12.11333829787234,2.7093617021276595,1.5446808510638297,0.6991489361702128,0.6237412765957447,0.5038930425531916
305,266.0,44.30998400000001,11.565217391304348,4.521739130434782,24.134264578260865,11.12766956521739,2.6291304347826085,1.7013043478260867,0.8813043478260868,0.4846265217391304,1.9265210434782607
263,88.0,12.536328,12.571428571428571,4.571428571428571,26.191313857142852,10.834028571428574,2.6614285714285715,1.6814285714285713,0.8914285714285715,0.4889271428571429,1.7909039999999998
52,92.0,6.697992,9.2,4.8,18.439538,11.79886,2.805,1.656,0.8480000000000001,0.4991960000000001,0.6697991999999999
318,131.0,26.745328000000004,21.83333333333333,4.666666666666667,50.46236066666666,11.6284,2.8349999999999995,1.7183333333333335,0.8916666666666666,0.4762733333333333,4.457554666666667
530,70.0,7.143328,10.0,4.571428571428571,20.323313857142857,10.584314285714289,2.6128571428571425,1.6414285714285717,0.92,0.4939185714285714,1.0204754285714286
95,74.0,14.883996000000002,14.8,4.4,31.574635600000004,11.14446,2.684,1.732,0.9,0.4820359999999999,2.9767992000000003
300,446.0,36.095296000000005,9.911111111111111,4.888888888888889,20.052981069333327,11.045515555555555,2.7484444444444445,1.7128888888888891,0.8808888888888889,0.4954477777777778,0.8021176888888888
577,440.0,43.510964,9.565217391304348,4.782608695652174,19.36275674521739,10.98881304347826,2.7156521739130435,1.693478260869565,0.8669565217391303,0.494115,0.9458905217391304
106,52.0,4.663996,10.4,5.2,20.833018,11.431540000000002,2.8240000000000003,1.7520000000000002,0.8399999999999999,0.499404,0.9327992
431,100.0,5.930572,9.090909090909092,4.909090909090909,18.370868403909093,12.08220909090909,2.8772727272727274,1.6881818181818182,0.8436363636363637,0.4954927272727272,0.5391429090909091
510,446.0,35.30054799999999,10.878048780487807,4.975609756097562,21.87774972348781,11.220309756097562,2.743170731707317,1.7465853658536592,0.8999999999999999,0.4976114634146342,0.860988975609756
561,156.0,25.021992,17.333333333333332,4.4444444444444455,37.51688,11.458755555555555,2.8522222222222213,1.724444444444445,0.9111111111111108,0.4831422222222222,2.780221333333333
613,738.0,63.06495099999999,11.014925373134329,4.537313432835822,22.166367970149256,11.136219402985075,2.637611940298508,1.7253731343283585,0.9059701492537314,0.526928656716418,0.9412679253731342
246,98.0,18.083328,14.0,4.571428571428571,29.110017142857146,11.204128571428573,2.76,1.7514285714285711,0.8828571428571428,0.4899542857142857,2.58333257142857
492,92.0,19.334,30.66666666666667,4.0,68.56273,9.159866666666668,1.95,1.913333333333333,1.2133333333333332,0.4488266666666667,6.4446666666666665
6,136.0,9.509324,11.333333333333336,4.666666666666667,22.71843416666667,10.958558333333334,2.599166666666666,1.7658333333333334,0.97,0.4990741666666666,0.7924436666666667
495,407.0,34.091548,9.926829268292684,4.8048780487804885,20.12993734836585,10.96679512195122,2.7151219512195124,1.7236585365853658,0.8936585365853659,0.4943858536585365,0.8315011707317073
315,1228.0,74.32837150000002,9.746031746031743,5.634920634920635,19.78914188850793,12.920761111111114,3.139603174603174,1.5783333333333334,0.733968253968254,0.5038513492063492,0.5899077103174605
434,398.5,100.137,22.13888888888889,3.7777777777777777,46.10422777777778,8.918104166666666,2.1866666666666665,1.9129166666666664,1.1306944444444444,0.4837688888888889,5.563166666666668
505,443.0,36.40754799999999,10.80487804878049,4.902439024390244,21.797081808853655,11.061829268292684,2.721951219512196,1.7275609756097563,0.9073170731707316,0.4963917073170732,0.8879889756097559
319,240.0,19.188815500000004,9.23076923076923,4.307692307692308,18.476234615384616,11.378026923076924,2.593461538461539,1.6111538461538462,0.8776923076923077,0.5360026923076924,0.7380313653846156
457,114.0,20.29466,14.25,4.5,29.94401875,11.340425,2.8,1.72375,0.895,0.4863375,2.5368325
37,208.0,12.9781505,8.0,4.307692307692308,15.930552903846152,12.125457692307696,2.7757692307692308,1.5288461538461535,0.7184615384615385,0.6108584615384616,0.4991596346153846
489,93.0,20.36,31.0,4.0,69.59212799999999,9.152733333333334,1.9666666666666663,1.9,1.1933333333333334,0.4463566666666667,6.786666666666666
130,515.0,36.244299,10.3,4.3,20.80173002,10.745844000000002,2.5696000000000003,1.7666,0.9368,0.5350482,0.7248859799999999
617,80.0,5.686908,10.0,5.0,20.322035645125,12.2092875,2.81875,1.60125,0.88125,0.4931925,0.7108635
374,120.0,8.941324,10.0,4.666666666666667,20.185395713333328,10.838333333333331,2.6366666666666663,1.79,0.9250000000000002,0.4960433333333333,0.7451103333333333
167,636.0,51.4347895,6.424242424242424,3.676767676767677,12.624885454545456,13.1236101010101,2.7805050505050497,1.3850505050505049,0.5587878787878788,0.7069856565656566,0.5195433282828282
356,110.0,23.627328,15.714285714285715,4.285714285714286,33.075874285714285,11.168514285714284,2.75,1.7428571428571429,0.897142857142857,0.4852514285714286,3.375332571428572
395,0.0,0.0,0.0,0.0,0.0,0.0,0.0,0.0,0.0,0.0,0.0
38,15300.0,643.0938035,9.592476489028211,5.989968652037617,19.195928493416925,12.958927711598747,3.2646896551724134,1.5756990595611284,0.7201003134796239,0.5004048777429466,0.4031936072100314
382,102.0,5.191326,5.368421052631579,3.3684210526315788,10.351187368421051,12.857089473684214,2.646842105263158,1.3747368421052633,0.5910526315789474,0.7065326315789474,0.2732276842105263
91,208.0,15.78748,10.4,4.8,21.0615472413,11.43734,2.721,1.711,0.9229999999999998,0.4946015000000001,0.7893739999999999
12,300.0,29.88839975,14.285714285714285,4.761904761904762,31.13736707142857,11.4348,2.774285714285714,1.70952380952381,0.8771428571428572,0.5121852380952381,1.423257130952381
580,413.0,39.892964,8.978260869565217,4.717391304347826,18.230191527826086,10.841780434782608,2.6941304347826085,1.6993478260869566,0.8604347826086957,0.4901028260869565,0.8672383478260869
291,224.0,17.053984,11.2,4.8,22.521871850000004,10.909175,2.66,1.7574999999999998,0.94,0.4978194999999999,0.8526992
146,572.0,51.077292,7.944444444444445,4.166666666666667,15.840846972222224,11.734294444444444,2.688333333333333,1.5444444444444445,0.7244444444444444,0.6061694444444444,0.7094068333333333
337,220.0,24.70666,27.5,5.5,65.80676874999999,11.6604875,2.9225000000000003,1.68,0.8925,0.47382125,3.0883325
578,482.0,61.912964,10.478260869565217,4.782608695652174,21.419778484347827,11.005521739130437,2.749565217391305,1.713695652173913,0.8565217391304347,0.4922778260869565,1.345934
470,239.0,17.24723425,8.241379310344827,3.965517241379312,16.335047482758622,11.79798275862069,2.6134482758620687,1.5624137931034483,0.7579310344827586,0.6171024137931035,0.5947322155172414
25,260.0,23.18439975,12.38095238095238,4.761904761904762,25.995592785714283,11.444633333333336,2.7719047619047616,1.7023809523809523,0.8714285714285714,0.5145928571428572,1.1040190357142856
501,410.0,32.98438375,9.761904761904765,4.761904761904762,19.681982919523808,11.093571428571426,2.710714285714286,1.7285714285714289,0.8738095238095239,0.5080535714285714,0.7853424702380952
165,219.0,40.747992,24.33333333333333,4.666666666666667,56.98088711111112,11.582422222222226,2.798888888888889,1.734444444444445,0.9211111111111108,0.47356,4.527554666666666
82,294.0,40.73139575,10.888888888888893,4.7407407407407405,22.28268137037037,11.410059259259258,2.7996296296296297,1.6866666666666663,0.8207407407407408,0.5114485185185186,1.5085702129629632
135,86.0,4.5453280000000005,14.333333333333336,5.333333333333333,30.61252,11.75455,2.8816666666666664,1.7283333333333335,0.9166666666666666,0.4887899999999999,0.7575546666666667
1,406.0,30.4721355,9.902439024390244,4.682926829268292,19.813180487804875,11.456151219512195,2.7002439024390243,1.6768292682926829,0.8682926829268293,0.5229090243902439,0.7432228170731706
411,190.0,14.346319,8.26086956521739,4.173913043478262,16.531058067826088,11.500682608695652,2.6460869565217395,1.6156521739130434,0.7852173913043478,0.5819443478260871,0.623753
19,277.0,31.69339975,13.190476190476188,4.714285714285714,27.749948095238093,11.587057142857144,2.796190476190476,1.7085714285714286,0.8600000000000001,0.5141085714285714,1.5092095119047615
29,311.0,32.73539975,14.809523809523812,4.714285714285714,32.24720142857142,11.471271428571429,2.772857142857143,1.7214285714285713,0.8790476190476191,0.5114647619047619,1.5588285595238094
340,952.0,65.15992800000001,7.67741935483871,4.129032258064516,15.174976677419355,12.173174193548386,2.7245161290322586,1.5325806451612904,0.6961290322580646,0.625608064516129,0.5254832903225807
602,468.4,30.342299,7.022488755622188,3.859070464767616,13.787624587706144,12.356676761619193,2.66952023988006,1.4847226386806598,0.6803598200899549,0.6467596851574213,0.4549070314842579
72,120.0,13.747992000000002,12.0,4.8,24.789618,11.16682,2.752,1.754,0.908,0.491604,1.3747992
84,56.0,6.508664,18.666666666666668,4.666666666666667,41.07402,11.290033333333335,2.736666666666667,1.7566666666666666,0.9733333333333332,0.4795066666666667,2.169554666666667
296,46.0,6.071576,6.571428571428571,4.571428571428571,13.68940848042857,12.174357142857144,2.782857142857144,1.5728571428571432,0.7628571428571428,0.4748442857142857,0.867368
336,80.0,7.734660000000001,10.0,5.0,20.255278375,11.026725,2.79,1.6725,0.8525,0.495275,0.9668325
53,105.0,12.397992,10.5,4.8,21.5029424,11.777640000000002,2.829,1.6880000000000002,0.8370000000000001,0.495329,1.2397992
283,391.3,32.206603,9.40625,4.675480769230769,18.845175743990385,11.506004567307691,2.749927884615385,1.647932692307693,0.8070673076923077,0.5449716105769232,0.7741971875000001
175,30.0,2.3326640000000003,10.0,5.333333333333333,20.02735333333333,11.795966666666668,2.9266666666666663,1.7133333333333336,0.8066666666666666,0.4995066666666667,0.7775546666666667
482,94.0,20.362,31.33333333333333,4.0,69.51219666666667,9.072366666666667,1.9766666666666663,1.89,1.19,0.4526666666666667,6.787333333333334
502,431.0,34.686964,9.795454545454543,4.886363636363637,19.764615968636363,11.15518409090909,2.751818181818182,1.7327272727272731,0.8729545454545455,0.4964934090909091,0.788340090909091
352,90.0,11.351332,45.0,5.0,111.599515,10.5174,2.62,1.77,1.045,0.447885,5.6756660000000005
105,74.0,14.883996000000002,14.8,4.4,31.574635600000004,11.14446,2.684,1.732,0.9,0.4820359999999999,2.9767992000000003
588,42.0,9.874,21.0,4.0,43.952,9.1312,2.205,1.92,1.14,0.4822649999999999,4.936999999999999
32,375.0,42.86139975,17.857142857142858,4.714285714285714,41.00164904761904,11.544414285714286,2.79,1.7242857142857144,0.8847619047619049,0.5089809523809524,2.0410190357142857
151,222.0,23.348983,8.88,4.4,17.918277359999994,11.72784,2.7612,1.5712000000000002,0.7487999999999999,0.5743408000000001,0.93395932
4,476.0,61.142464,12.205128205128204,4.9230769230769225,24.97508888015384,11.574251282051284,2.8202564102564103,1.7435897435897436,0.8738461538461538,0.4938866666666667,1.5677554871794872
223,600.0,61.237971,18.75,4.78125,41.83358075,10.89890625,2.655,1.8153125,0.9840625,0.48231375,1.91368659375
244,184.0,28.037992000000006,20.444444444444443,4.666666666666667,47.750787777777774,11.2843,2.8244444444444445,1.75,0.9588888888888888,0.4783988888888888,3.115332444444445
240,284.0,45.027992,31.55555555555556,4.666666666666667,76.65862666666666,11.457166666666668,2.771111111111112,1.7788888888888892,0.9888888888888888,0.4660944444444444,5.0031102222222215
85,104.0,5.505328,17.333333333333332,5.333333333333333,38.89702,11.674016666666668,2.8716666666666666,1.76,0.9433333333333334,0.4844733333333333,0.9175546666666669
129,531.0,36.2474575,11.0625,4.479166666666667,22.436765854166666,10.599883333333334,2.5733333333333337,1.803958333333333,0.9775,0.5151489583333333,0.7551553645833332
145,560.0,39.569292,7.777777777777778,4.0,15.394590555555556,12.01102777777778,2.6383333333333336,1.5261111111111112,0.7511111111111111,0.6081561111111111,0.5495734999999999
128,593.0,40.2521235,10.589285714285714,4.660714285714286,21.39612501785714,10.937928571428571,2.6764285714285707,1.7651785714285717,0.9307142857142858,0.5136826785714286,0.718787919642857
154,62.0,7.251328,8.857142857142858,4.571428571428571,18.138768585714285,10.823814285714288,2.65,1.6128571428571428,0.8614285714285713,0.4867914285714286,1.0359040000000002
473,170.0,19.670572000000003,15.454545454545457,4.363636363636363,33.07937204027272,11.263772727272729,2.704545454545455,1.7754545454545456,0.990909090909091,0.4849036363636364,1.7882338181818185
245,182.0,20.807992,20.222222222222214,4.666666666666667,47.085097777777776,11.296833333333336,2.78,1.7544444444444445,0.9666666666666666,0.47855,2.311999111111112
81,291.0,39.42939575000001,10.77777777777778,4.7407407407407405,22.18190848148149,11.358014814814815,2.7685185185185186,1.6877777777777778,0.8262962962962962,0.5102818518518518,1.4603479907407408
119,501.0,40.4124595,9.27777777777778,4.537037037037037,18.76530418444444,10.975503703703705,2.6612962962962965,1.7083333333333333,0.878888888888889,0.5132401851851852,0.7483788796296297
324,378.0,30.699303000000004,9.219512195121949,4.682926829268292,18.502489573170728,11.525843902439023,2.7690243902439025,1.6470731707317074,0.8004878048780488,0.5452029268292683,0.7487634878048781
23,298.0,27.56039975,14.190476190476188,4.761904761904762,30.87275088095239,11.38000476190476,2.762380952380952,1.711904761904762,0.8790476190476191,0.5122385714285714,1.3123999880952382
545,444.4,32.335163,9.144032921810698,4.641975308641976,18.290941327160485,11.70780905349794,2.7514814814814814,1.628600823045267,0.8189300411522633,0.5389436213991771,0.6653325720164609
376,296.0,34.058654,42.285714285714285,5.428571428571429,103.49857999999998,10.7745,2.657142857142857,1.8000000000000005,1.09,0.4494728571428572,4.865522
481,30.0,2.3326640000000003,10.0,5.333333333333333,20.02735333333333,11.795966666666668,2.9266666666666663,1.7133333333333336,0.8066666666666666,0.4995066666666667,0.7775546666666667
535,156.0,23.346328,26.0,5.166666666666667,61.11733333333334,11.771733333333335,2.885,1.7266666666666666,0.9233333333333332,0.4704,3.8910546666666654
61,1894.0,25.982135500000005,8.417777777777777,5.795555555555557,16.839527347391115,13.265820444444447,3.3216,1.5561777777777777,0.6803555555555555,0.5041424444444444,0.1154761577777778
110,218.0,37.8538225,10.38095238095238,3.619047619047618,21.537159047619053,12.33509523809524,2.751428571428572,1.497142857142857,0.6780952380952381,0.6322538095238096,1.802562976190476
343,150.0,11.5514875,8.823529411764708,4.705882352941177,17.77768123505882,11.998176470588234,2.8064705882352943,1.553529411764706,0.7705882352941176,0.5535500000000001,0.6794992647058824
610,480.0,35.963299,7.1964017991004505,3.949025487256372,14.194026851574211,12.191226986506749,2.693253373313344,1.500704647676162,0.6695352323838081,0.6457430434782608,0.5391798950524738
453,94.0,11.775328000000002,15.666666666666664,4.5,33.33735333333333,11.279666666666666,2.8200000000000003,1.76,0.96,0.4894800000000001,1.962554666666667
44,38.0,4.542664,12.666666666666664,4.666666666666667,26.621686666666665,11.354766666666668,2.806666666666666,1.7166666666666668,0.92,0.4865066666666666,1.5142213333333334
311,146.0,27.24,48.66666666666666,2.6666666666666665,114.44546666666668,8.054,1.9866666666666664,2.0933333333333333,1.3633333333333333,0.42632,9.08
90,208.0,15.787151499999998,9.454545454545457,4.363636363636363,18.965812659090904,11.287918181818185,2.6245454545454545,1.66,0.8718181818181818,0.5422213636363638,0.7175977954545454
237,214.0,34.857992,23.777777777777786,4.666666666666667,55.32977111111112,11.435666666666668,2.7377777777777776,1.7633333333333334,0.9711111111111111,0.4784455555555555,3.8731102222222216
563,155.0,24.587992000000003,17.22222222222222,4.4444444444444455,37.41610711111111,11.406711111111116,2.821111111111111,1.7255555555555555,0.9166666666666666,0.4819755555555556,2.7319991111111115
330,247.0,28.5031505,9.5,4.1923076923076925,19.260952307692307,12.346603846153847,2.8011538461538468,1.5519230769230767,0.7184615384615385,0.6089834615384615,1.0962750192307693
170,290.0,25.949976000000003,10.0,4.965517241379311,20.17023082758621,11.211031034482758,2.775172413793104,1.6786206896551723,0.8613793103448275,0.4968089655172414,0.8948267586206897
429,147.0,11.616572,13.363636363636363,5.0,29.01870756027273,12.118536363636364,2.8945454545454545,1.7018181818181817,0.8654545454545454,0.4896272727272727,1.0560520000000002
225,347.0,30.841971,10.84375,4.625,22.17770095,10.8425375,2.6318749999999995,1.788125,0.9415625,0.49305125,0.96381159375
169,286.0,21.7774795,6.5,3.772727272727273,12.772448863636363,13.128093181818183,2.800909090909091,1.3909090909090909,0.5636363636363636,0.6996956818181819,0.494942715909091
230,470.0,45.993984000000005,24.73684210526316,5.473684210526316,58.53484,11.421805263157896,2.872631578947369,1.7273684210526317,0.9,0.4781242105263158,2.420736
586,75.0,10.179328,10.714285714285714,4.571428571428571,22.406560856857144,11.112114285714288,2.64,1.6785714285714286,0.8914285714285715,0.4816614285714286,1.4541897142857143
7,41.0,9.44,20.5,4.0,43.498522,8.897,2.065,1.925,1.165,0.477015,4.7200000000000015
521,80.0,7.734660000000001,10.0,5.0,20.255278375,11.026725,2.79,1.6725,0.8525,0.495275,0.9668325
117,696.0,82.3984745,18.31578947368421,4.631578947368421,42.45540184210528,12.16966052631579,2.8560526315789474,1.569473684210526,0.7610526315789474,0.5616068421052631,2.1683809078947367
556,151.0,22.98,50.33333333333334,4.333333333333333,121.02273333333332,8.5318,2.043333333333333,2.0766666666666667,1.366666666666667,0.4169199999999999,7.66
361,418.0,32.985963,10.195121951219512,4.878048780487805,20.61176616146341,11.016612195121953,2.7163414634146346,1.7495121951219512,0.8960975609756098,0.4957468292682927,0.8045356829268292
446,100.0,8.147992,10.0,4.8,20.077018,11.33044,2.7060000000000004,1.6780000000000002,0.892,0.498454,0.8147992000000001
250,131.0,15.232328,21.83333333333333,4.5,49.50308166666667,11.128333333333332,2.7466666666666666,1.78,0.9933333333333336,0.4758883333333334,2.5387213333333336
138,112.0,13.053996,22.4,5.2,53.441338,11.90626,2.934,1.656,0.8240000000000001,0.47907,2.6107992
419,149.9,12.257556,10.707142857142856,4.707142857142856,21.584521545,10.744386428571428,2.6236428571428574,1.7752857142857146,0.9378571428571428,0.4966602142857143,0.8755397142857143
527,239.0,34.723984,11.95,4.8,24.75087845,11.107295,2.7425,1.7185,0.8724999999999999,0.4912240000000001,1.7361992000000002
428,190.0,16.074151500000003,9.047619047619047,4.571428571428571,18.19954403714285,11.341219047619049,2.720952380952381,1.6442857142857144,0.8123809523809525,0.5430390476190476,0.7654357857142857
569,70.0,3.947328,10.0,4.571428571428571,20.29066550857143,10.730085714285718,2.6,1.7742857142857142,0.9714285714285716,0.4937128571428571,0.5639040000000001
488,38.0,4.542664,12.666666666666664,4.666666666666667,26.621686666666665,11.354766666666668,2.806666666666666,1.7166666666666668,0.92,0.4865066666666666,1.5142213333333334
526,144.0,32.91,48.0,3.6666666666666665,114.97573,9.512,2.0733333333333333,1.9433333333333327,1.2333333333333334,0.4269199999999999,10.97
437,66.0,6.093996,13.2,4.4,27.188418,10.75912,2.572,1.796,1.028,0.491714,1.2187992
565,322.0,38.214,64.4,5.6,160.15216,8.31996,2.0200000000000005,2.064,1.4220000000000002,0.40338,7.6427999999999985
298,354.0,22.908309000000006,8.232558139534884,4.093023255813954,16.834112023255813,12.29936046511628,2.7346511627906978,1.5255813953488369,0.6813953488372092,0.634143488372093,0.5327513720930234
589,114.0,6.32407475,6.333333333333332,3.555555555555556,12.556663768888884,11.937483333333336,2.5783333333333336,1.5483333333333331,0.7233333333333334,0.6330694444444445,0.3513374861111111
185,80.0,6.25674375,8.888888888888891,4.4444444444444455,17.774554444444444,11.583533333333332,2.7044444444444444,1.6700000000000002,0.8044444444444444,0.5502422222222223,0.69519375
224,339.0,30.84039175,10.272727272727272,4.484848484848484,20.94688789090909,10.945760606060604,2.627272727272727,1.7603030303030305,0.911818181818182,0.5087960606060606,0.9345573257575758
284,387.3,28.370603000000003,9.310096153846152,4.5793269230769225,18.587720118990383,11.66565841346154,2.7210817307692308,1.6373557692307696,0.8224519230769232,0.546117764423077,0.6819856490384616
581,443.0,46.387964,9.630434782608695,4.8478260869565215,19.537378821304348,10.880526086956522,2.735217391304348,1.7006521739130436,0.8565217391304347,0.4933376086956522,1.008434
443,208.0,15.787151499999998,9.454545454545457,4.363636363636363,18.965812659090904,11.287918181818185,2.6245454545454545,1.66,0.8718181818181818,0.5422213636363638,0.7175977954545454
233,188.0,23.804992,20.88888888888889,4.4444444444444455,46.88032444444444,11.196122222222224,2.773333333333333,1.7666666666666668,0.977777777777778,0.4774077777777778,2.644999111111112
10,236.0,32.46039975,11.238095238095235,4.761904761904762,23.14046935714285,11.611666666666665,2.8171428571428567,1.6733333333333331,0.8152380952380953,0.5164433333333334,1.5457333214285716
601,466.4,39.048299,6.992503748125936,3.829085457271365,13.89625335832084,11.947537331334331,2.6617241379310346,1.4634332833583208,0.6779610194902549,0.6436880209895053,0.5854317691154423
28,245.0,34.30139975,11.666666666666664,4.714285714285714,24.135015142857146,11.65177619047619,2.813809523809524,1.6861904761904758,0.8266666666666668,0.5153800000000001,1.633399988095238
483,188.0,30.655328,31.33333333333333,5.0,75.83935333333334,11.625516666666668,2.8766666666666665,1.7133333333333336,0.9183333333333332,0.4663883333333334,5.109221333333333
212,340.0,31.27439175,10.303030303030305,4.484848484848484,20.974371406060605,10.959954545454544,2.635757575757576,1.76,0.9103030303030304,0.5091142424242424,0.9477088409090908
399,387.7,30.151002,8.301927194860813,4.468950749464668,16.546648661584577,11.897472591006428,2.769400428265524,1.5860599571734475,0.7366167023554603,0.5821732119914347,0.6456317344753747
126,522.0,41.060299,10.44,4.44,20.93888802,10.993994000000002,2.5948,1.705,0.9003999999999999,0.5368794,0.82120598
70,100.0,8.147992,10.0,4.8,20.077018,11.33044,2.7060000000000004,1.6780000000000002,0.892,0.498454,0.8147992000000001
163,220.0,41.181992,24.444444444444446,4.666666666666667,57.08166000000001,11.634466666666668,2.83,1.7333333333333334,0.9155555555555556,0.4747266666666667,4.575776888888889
199,50.0,4.073996,10.0,4.8,20.077018,11.33044,2.7060000000000004,1.6780000000000002,0.892,0.498454,0.8147992000000001
139,134.0,13.387328,22.33333333333333,5.666666666666668,51.25268666666667,11.9482,2.9766666666666666,1.7,0.8933333333333332,0.4729766666666666,2.231221333333333
557,183.0,31.8,61.0,4.333333333333333,150.72218966666662,9.081566666666667,2.2,2.0866666666666664,1.346666666666667,0.4053733333333333,10.6
438,152.0,12.56632,9.5,5.0,19.14036490625,11.26033125,2.786875,1.70375,0.84375,0.49425875,0.7853950000000001
114,36.0,8.903332,18.0,4.0,37.346215,10.629,2.675,1.745,0.905,0.48855,4.451666
331,126.0,4.6148215000000015,7.411764705882352,3.7647058823529416,14.643973529411769,12.484211764705885,2.6558823529411764,1.486470588235294,0.6964705882352941,0.6712364705882353,0.2714600882352941
394,0.0,0.0,0.0,0.0,0.0,0.0,0.0,0.0,0.0,0.0,0.0
101,235.0,60.67400000000001,23.5,3.1,50.1811,8.79744,2.165,1.904,1.15,0.4743239999999999,6.067400000000001
349,108.0,8.228992,10.8,4.8,21.82420185,10.833850000000002,2.6870000000000003,1.791,0.936,0.496484,0.8228991999999999
317,462.0,56.3361355,11.268292682926829,4.682926829268292,22.92876773170732,11.387821951219513,2.7512195121951217,1.7034146341463416,0.8512195121951219,0.5194634146341464,1.3740520853658535
439,285.0,35.10440075,8.382352941176471,3.6764705882352944,17.248958529411762,12.880976470588234,2.739705882352941,1.424705882352941,0.6035294117647058,0.6816317647058824,1.032482375
347,43.0,7.876747749999999,10.75,3.75,22.212725,12.18425,2.7275,1.545,0.71,0.61443,1.9691869375
506,443.0,36.40738375,10.547619047619047,4.785714285714286,21.230686214285715,11.031635714285716,2.6966666666666668,1.7138095238095243,0.8942857142857141,0.5088209523809524,0.8668424702380951
539,528.4,69.13916300000001,10.872427983539096,4.641975308641976,22.184891944444445,11.73943868312757,2.8156790123456785,1.6668724279835392,0.7991769547325104,0.5354658436213993,1.422616522633745
550,472.0,32.75022425,6.243386243386244,3.3492063492063493,12.126180535714283,12.39708756613757,2.5559523809523816,1.4363227513227517,0.6386772486772487,0.7008961375661376,0.4332040244708995
112,38.0,4.542664,12.666666666666664,4.666666666666667,26.621686666666665,11.354766666666668,2.806666666666666,1.7166666666666668,0.92,0.4865066666666666,1.5142213333333334
288,43.0,7.876747749999999,10.75,3.75,22.212725,12.18425,2.7275,1.545,0.71,0.61443,1.9691869375
286,258.0,16.292981,6.972972972972973,3.891891891891892,13.687937756756757,12.405356756756756,2.7064864864864866,1.4851351351351352,0.6524324324324324,0.6584424324324325,0.4403508378378378
413,90.0,3.94991025,5.625,3.5,10.895365749875,13.040525,2.68625,1.366875,0.575625,0.713936875,0.246869390625
190,108.0,7.957992,10.8,4.8,21.654418,11.17714,2.675,1.736,0.9259999999999998,0.498984,0.7957991999999999
124,600.0,45.0681235,10.714285714285714,4.785714285714286,21.518587517857146,11.159491071428572,2.698928571428572,1.7101785714285715,0.8982142857142856,0.5153176785714286,0.8047879196428571
464,232.0,17.246648,10.545454545454543,4.909090909090909,21.21188622727273,11.225122727272728,2.745,1.7095454545454545,0.8972727272727273,0.4977786363636364,0.7839385454545454
393,0.0,0.0,0.0,0.0,0.0,0.0,0.0,0.0,0.0,0.0,0.0
585,76.0,10.613328,10.857142857142858,4.571428571428571,22.536125999714283,11.17902857142857,2.68,1.6771428571428573,0.8842857142857142,0.4831614285714286,1.5161897142857144
93,250.0,34.18948,12.5,4.8,25.7926972413,11.47577,2.799,1.7574999999999998,0.899,0.490376,1.7094740000000002
416,100.0,7.558488,10.0,4.8,20.2988926326,12.04083,2.755,1.6309999999999998,0.91,0.492719,0.7558488000000001
555,128.0,16.0,16.0,6.0,32.059,10.36,2.58,1.8,1.04,0.49897,2.0
200,239.0,23.379399750000005,10.863636363636363,4.681818181818182,21.96415031818182,11.235872727272728,2.7122727272727274,1.7045454545454546,0.8754545454545455,0.5188663636363636,1.062699988636364
62,50.0,3.253996,10.0,4.8,20.016938,11.64556,2.774,1.714,0.882,0.499726,0.6507991999999999
615,20.0,0.97258,10.0,4.0,20.9940862215,11.28095,2.455,1.87,1.1,0.476095,0.4862899999999999
541,529.0,69.551963,10.88477366255144,4.65432098765432,22.19698700617284,11.761321399176955,2.817901234567901,1.6614403292181072,0.7959670781893003,0.5356273251028807,1.4311103497942386
176,100.0,7.558488000000001,10.0,4.8,20.2988926326,12.04083,2.755,1.6310000000000002,0.91,0.4927189999999999,0.7558488000000001
18,313.0,35.06339975,14.904761904761903,4.714285714285714,32.511817619047605,11.526066666666663,2.784761904761905,1.7190476190476192,0.8771428571428572,0.5114114285714285,1.6696857023809524
525,476.0,37.979958,10.347826086956523,4.521739130434782,21.069132722608696,10.406682608695652,2.5517391304347825,1.7778260869565217,0.966086956521739,0.492804347826087,0.8256512608695651
448,128.0,20.415992000000006,12.8,4.8,26.385218,11.38168,2.81,1.7400000000000002,0.86,0.49282,2.0415992000000003
45,80.0,7.734660000000001,10.0,5.0,20.255278375,11.026725,2.79,1.6725,0.8525,0.495275,0.9668325
307,232.0,33.20565499999999,11.6,4.0,24.085483,12.22274,2.68,1.592,0.7380000000000001,0.5900399999999999,1.6602827499999997
584,30.0,2.3326640000000003,10.0,5.333333333333333,20.02735333333333,11.795966666666668,2.9266666666666663,1.7133333333333336,0.8066666666666666,0.4995066666666667,0.7775546666666667
132,142.0,2.619982,6.173913043478262,3.130434782608696,12.079502608695652,12.85996086956522,2.55,1.393478260869565,0.6121739130434782,0.753207391304348,0.1139122608695652
568,724.0,147.252,24.96551724137931,4.206896551724138,54.274034482758616,9.101462068965516,2.196551724137932,1.935172413793104,1.1724137931034482,0.4740996551724138,5.0776551724137935
50,68.0,3.555328,11.333333333333336,5.333333333333333,22.68885333333333,11.824266666666665,2.89,1.6983333333333337,0.89,0.49968,0.5925546666666667
98,30.0,2.70174775,7.5,4.0,14.996859625,11.7051,2.6725000000000003,1.495,0.71,0.6184925,0.6754369375
202,291.0,38.18265200000001,7.864864864864866,3.45945945945946,16.18250518918919,12.937410810810812,2.7,1.395135135135135,0.5756756756756756,0.7062056756756757,1.0319635675675678
220,402.0,35.70139175,12.181818181818182,4.636363636363637,24.849862242424244,11.087466666666666,2.631515151515152,1.77,0.937878787878788,0.5112748484848485,1.081860356060606
243,150.0,15.744992000000002,16.666666666666668,4.666666666666667,36.871575555555566,11.2115,2.76,1.7511111111111113,0.96,0.4814477777777778,1.7494435555555556
519,140.0,9.892323,7.777777777777778,4.0,15.394590555555556,12.01102777777778,2.6383333333333336,1.5261111111111112,0.7511111111111111,0.6081561111111111,0.5495734999999999
624,156.0,21.575328,26.0,4.833333333333333,61.19102,11.496916666666666,2.953333333333333,1.711666666666667,0.9116666666666668,0.4722666666666666,3.5958879999999995
614,738.0,63.065608,11.714285714285715,4.825396825396825,23.70020296273016,11.22145873015873,2.6996825396825392,1.761904761904762,0.9406349206349206,0.4957228571428573,1.0010413968253968
64,110.0,23.0,36.66666666666666,2.6666666666666665,82.59846666666667,8.504133333333334,2.1466666666666665,2.0066666666666664,1.2533333333333334,0.4568033333333333,7.666666666666668
447,108.0,7.957992,10.8,4.8,21.654418,11.17714,2.675,1.736,0.926,0.498984,0.7957991999999999
498,446.0,36.095296000000005,9.911111111111111,4.888888888888889,20.052981069333327,11.045515555555555,2.7484444444444445,1.7128888888888891,0.8808888888888889,0.4954477777777778,0.8021176888888888
171,318.0,38.21797599999999,10.965517241379311,4.965517241379311,22.345472206896552,11.2287,2.811034482758621,1.7,0.8503448275862068,0.4948662068965518,1.31786124137931
252,144.0,21.124328,24.0,4.666666666666667,55.64164,11.373216666666664,2.7466666666666666,1.7700000000000002,0.9833333333333334,0.4736966666666666,3.520721333333333
262,114.0,22.886328,16.285714285714285,4.285714285714286,34.43801714285714,11.381628571428571,2.724285714285714,1.7385714285714289,0.8914285714285715,0.4842842857142857,3.2694754285714285
256,93.0,9.014328,15.5,4.666666666666667,33.46149333333333,11.252966666666666,2.7533333333333334,1.7516666666666667,0.9666666666666668,0.4830383333333333,1.5023879999999998
435,163.0,20.3188215,20.375,4.125,46.9564675,11.9389125,2.6625,1.59,0.82375,0.59942625,2.5398526875000003
274,40.0,2.70324725,5.7142857142857135,3.4285714285714284,11.143164071428574,12.519328571428574,2.647142857142857,1.385714285714286,0.5885714285714286,0.7083185714285715,0.3861781785714285
596,80.0,4.907327,6.666666666666668,4.0,13.165070041500002,12.714558333333336,2.77,1.43,0.6208333333333335,0.6612241666666667,0.4089439166666666
621,86.0,5.203996,17.2,4.8,39.466738,11.46526,2.752,1.7880000000000005,0.946,0.481478,1.0407992
155,87.0,11.296995000000004,7.909090909090909,3.5454545454545454,15.968773636363638,12.578381818181818,2.709090909090909,1.4600000000000002,0.6218181818181818,0.6748563636363637,1.0269995454545455
467,242.0,17.2474855,7.5625,3.6875,14.89812178125,11.966771875,2.5746875,1.5190625,0.7168749999999999,0.6522603125,0.538983921875
77,118.0,14.485992,11.8,4.6,24.5691257,10.73364,2.694,1.7020000000000004,0.928,0.48827,1.4485992
465,243.0,18.2064855,7.59375,3.71875,14.981794859375,11.914884375,2.5840625000000004,1.5225,0.7118749999999999,0.6518878125,0.568952671875
381,233.0,17.05539975,10.590909090909092,4.681818181818182,21.2474685,11.154545454545453,2.674545454545455,1.7168181818181816,0.8981818181818181,0.5203877272727273,0.7752454431818182
40,72.0,5.43974375,8.0,4.4444444444444455,16.210698944222223,11.5059,2.6866666666666665,1.5733333333333333,0.7944444444444445,0.5433911111111112,0.6044159722222222
543,550.6,69.20682425,7.283068783068784,3.3412698412698414,14.493813625238095,12.409689947089948,2.596666666666668,1.4606084656084657,0.6248677248677248,0.6984972486772487,0.9154341832010582
549,466.6,32.40282425,6.1719576719576725,3.3412698412698414,11.990559656984123,12.389356613756616,2.5553968253968264,1.4360052910052912,0.6375661375661376,0.700732962962963,0.4286087863756614
66,75.0,15.604,25.0,4.333333333333333,54.27519833333333,9.350333333333332,2.14,1.8966666666666667,1.16,0.46833,5.201333333333333
575,90.0,7.7361595,8.181818181818182,4.363636363636363,16.368812454545456,11.729881818181816,2.7418181818181817,1.554545454545455,0.7363636363636363,0.5860418181818182,0.7032872272727273
211,601.0,61.671971,18.78125,4.78125,41.861923125,10.91354375,2.66375,1.815,0.9825,0.4826418750000001,1.92724909375
8,130.0,10.670656,10.0,4.9230769230769225,20.17042675230769,11.117292307692306,2.7507692307692304,1.7361538461538462,0.8753846153846153,0.4966061538461538,0.8208196923076924
78,100.0,10.803992,10.0,4.8,20.3920334,10.565180000000002,2.708,1.648,0.8800000000000001,0.4927359999999999,1.0803992
564,220.0,41.181992,24.444444444444446,4.666666666666667,57.08166000000001,11.634466666666668,2.83,1.7333333333333334,0.9155555555555556,0.4747266666666667,4.575776888888889
58,250.0,14.36739975,11.363636363636363,4.727272727272728,22.832114363363644,11.484536363636366,2.6586363636363632,1.7186363636363635,0.9368181818181818,0.5200168181818182,0.653063625
454,126.0,20.855328,21.0,4.666666666666667,47.98568666666667,11.408266666666668,2.7433333333333336,1.7616666666666667,0.9666666666666668,0.4836016666666667,3.475888
255,131.0,24.529328,21.83333333333333,4.666666666666667,50.1315,11.654066666666669,2.848333333333333,1.7233333333333334,0.8966666666666668,0.4781783333333334,4.088221333333332
378,96.0,15.55,48.0,4.0,116.3255,10.39875,2.24,2.015,1.1800000000000002,0.448895,7.775
479,180.0,14.7341515,9.0,4.8,18.01515585,11.759620000000002,2.825,1.626,0.768,0.5471010000000001,0.736707575
430,146.0,11.113572,13.272727272727272,5.0,28.908659378454548,12.122009090909092,2.8927272727272726,1.7027272727272729,0.8745454545454546,0.4893,1.0103247272727272
383,568.0,63.368979,27.04761904761905,5.428571428571429,64.58836409495238,11.663257142857145,2.857619047619047,1.6900000000000002,0.9142857142857144,0.4719685714285714,3.017570428571428
487,467.0,59.985715500000005,11.11904761904762,4.690476190476192,22.734936707690483,11.582328571428572,2.789285714285714,1.7069047619047617,0.8361904761904762,0.5174052380952381,1.4282313214285711
503,449.0,34.988296000000005,9.977777777777778,4.955555555555557,20.126478502666664,11.189908888888883,2.7677777777777783,1.730222222222222,0.8742222222222223,0.4965591111111111,0.7775176888888888
121,475.0,37.0104575,9.895833333333334,4.479166666666667,20.087605124166668,10.716316666666666,2.589375,1.7339583333333335,0.9191666666666668,0.5140581249999999,0.7710511979166667
608,474.0,30.209299,7.106446776611693,3.859070464767616,13.953168815592203,12.340588305847074,2.6662668665667164,1.4908095952023992,0.683928035982009,0.6468153073463269,0.4529130284857571
623,58.0,3.883996,11.6,4.8,23.231818,11.023840000000002,2.644,1.794,0.96,0.499514,0.7767991999999999
325,72.0,12.417996,14.4,4.4,30.341818,11.11696,2.7380000000000004,1.7420000000000002,0.928,0.48502,2.4835992
370,138.0,10.099324,11.5,4.833333333333333,23.033434166666662,11.000683333333331,2.648333333333333,1.7966666666666669,0.9483333333333334,0.4994699999999999,0.8416103333333332
418,36.0,3.55,18.0,4.0,36.0685,8.2366,1.79,2.055,1.39,0.499,1.775
143,87.0,20.834,21.75,3.75,45.87725,9.0872,2.2225,1.9,1.135,0.479965,5.2085
461,235.0,17.24689925,9.4,4.44,18.78740068,11.509916,2.6796,1.6364,0.828,0.5570996000000001,0.6898759699999999
89,107.0,11.624328000000002,10.7,4.7,21.9893120372,11.0881,2.502,1.7080000000000002,0.951,0.485951,1.1624328000000002
329,884.0,121.42,35.36,5.28,82.56124,9.370384,2.298,1.9072,1.2,0.4618992,4.8568
327,109.0,23.193328,15.571428571428571,4.285714285714286,32.94630914285714,11.1016,2.71,1.7442857142857144,0.9042857142857142,0.4837514285714286,3.3133325714285715
60,258.0,14.368979,12.285714285714285,4.9523809523809526,24.79741171400001,11.352900000000002,2.667142857142857,1.7590476190476192,0.9833333333333332,0.4965590476190476,0.6842370952380953
493,170.0,16.619320000000002,10.0,4.705882352941177,20.271085529411767,10.798135294117646,2.6682352941176477,1.6541176470588237,0.9,0.494904705882353,0.9776070588235292
391,68.0,3.75541175,9.714285714285714,4.571428571428571,19.436531714,12.095814285714289,2.7357142857142853,1.6128571428571428,0.8157142857142858,0.56793,0.5364873928571429
425,138.0,10.561656,10.615384615384617,4.9230769230769225,21.4095445,11.055876923076925,2.7423076923076923,1.7730769230769232,0.9061538461538462,0.4971815384615385,0.8124350769230769
440,54.0,6.031328,7.7142857142857135,4.571428571428571,15.729212314285714,11.60992857142857,2.685714285714286,1.6057142857142856,0.8114285714285714,0.4837485714285714,0.8616182857142858
306,76.0,15.751995999999998,15.2,4.4,31.937418,11.33182,2.7960000000000003,1.7280000000000002,0.8800000000000001,0.4862359999999999,3.1503992000000003
611,710.0,50.796951,10.597014925373132,4.537313432835822,21.224845582089557,11.128571641791044,2.622089552238806,1.7161194029850746,0.9107462686567164,0.5277695522388061,0.7581634477611942
301,414.0,36.089968,10.097560975609756,4.780487804878049,20.448488490731705,10.794531707317072,2.6809756097560977,1.7317073170731707,0.9043902439024388,0.4950017073170732,0.8802431219512195
320,240.0,19.189144,10.0,4.666666666666667,20.18188193025,11.510054166666668,2.67125,1.6495833333333334,0.9208333333333334,0.49580125,0.7995476666666668
582,406.0,30.4721355,9.902439024390244,4.682926829268292,19.813180487804875,11.456151219512195,2.7002439024390243,1.6768292682926829,0.8682926829268293,0.5229090243902439,0.7432228170731706
46,268.0,22.289312,10.307692307692308,4.9230769230769225,20.78526403,11.071453846153846,2.7423076923076923,1.727692307692308,0.8846153846153846,0.4967557692307693,0.8572812307692309
87,118.0,12.064155499999998,6.941176470588236,4.235294117647058,14.013157788235292,11.96199411764706,2.672941176470588,1.5411764705882354,0.7435294117647059,0.5445141176470588,0.7096562058823528
111,82.0,10.507072,41.0,4.0,93.8846,9.695,2.445,1.98,1.265,0.436875,5.253536
366,428.0,9.9381035,8.23076923076923,5.730769230769232,16.497559999999996,13.444769230769232,3.3448076923076924,1.5192307692307692,0.6469230769230769,0.5182640384615385,0.191117375
16,249.0,37.63539975000001,11.857142857142858,4.714285714285714,24.514919904761907,11.702933333333332,2.827619047619048,1.682857142857143,0.8152380952380953,0.5156695238095238,1.792161892857143
500,410.0,32.984548,10.0,4.878048780487805,20.210605263,11.125275609756098,2.7363414634146346,1.7426829268292685,0.8863414634146343,0.4956056097560976,0.8045011707317072
198,184.0,40.61,23.0,4.0,49.224449375000006,9.300975,2.25375,1.86625,1.1275,0.4756775,5.07625
595,592.0,75.098979,28.190476190476197,5.0,67.4408980952381,11.128900000000002,2.7776190476190474,1.7285714285714289,0.9642857142857144,0.4672857142857143,3.576141857142857
407,447.0,29.602464500000004,7.706896551724138,4.2586206896551735,15.241052879310343,12.247724137931035,2.7668965517241384,1.5508620689655173,0.6931034482758621,0.617666724137931,0.5103873189655173
445,244.0,25.315899750000003,11.090909090909092,4.659090909090909,22.55830017045455,11.247495454545453,2.6981818181818187,1.7097727272727274,0.8788636363636364,0.5177811363636363,1.1507227159090911
142,74.0,19.92,24.66666666666667,2.6666666666666665,53.05033333333333,8.604266666666666,2.1266666666666665,1.9066666666666665,1.16,0.4705633333333334,6.6400000000000015
203,294.0,38.18865200000001,7.945945945945946,3.45945945945946,16.163062432432433,12.917862162162164,2.7024324324324325,1.3927027027027028,0.5748648648648649,0.7077405405405406,1.0321257297297302
474,43.0,7.4428315,8.6,3.2,17.7903568,12.3734,2.5660000000000003,1.4580000000000002,0.642,0.687868,1.4885663
14,366.0,41.02039975,17.428571428571427,4.761904761904762,40.00710326190475,11.50430476190476,2.793333333333333,1.7114285714285713,0.8733333333333335,0.5100442857142857,1.953352369047619
88,266.0,24.945976,9.172413793103448,4.965517241379311,18.534005734482754,11.516403448275865,2.8017241379310347,1.6631034482758622,0.8210344827586207,0.4926337931034482,0.8602060689655173
270,1106.0,127.513962,28.35897435897436,5.230769230769232,67.8814264102564,11.153653846153846,2.7682051282051283,1.7492307692307691,0.9430769230769231,0.4719953846153847,3.269588769230769
267,470.0,29.5108035,11.46341463414634,4.487804878048781,22.909204146341462,10.986714634146342,2.5590243902439025,1.7770731707317071,0.9658536585365854,0.5235580487804877,0.7197756951219513
227,392.0,33.736971000000004,12.25,4.78125,24.847737,10.994740625,2.6428125,1.794375,0.9634375,0.4962637500000001,1.05428034375
264,83.0,12.843328,11.857142857142858,4.571428571428571,24.699605857142853,10.554,2.647142857142857,1.6871428571428573,0.9042857142857142,0.4883942857142857,1.834761142857143
3,476.0,61.1421355,11.609756097560975,4.682926829268292,23.659643902439026,11.48739512195122,2.7636585365853654,1.7146341463414634,0.8487804878048779,0.5194736585365853,1.4912715975609756
360,58.0,11.874,19.33333333333333,4.666666666666667,39.987666666666655,9.5408,2.33,1.88,1.106666666666667,0.4878333333333333,3.958
496,407.0,34.09138375,9.69047619047619,4.690476190476192,19.60323566952381,10.938864285714288,2.69,1.7100000000000002,0.8809523809523809,0.5068628571428571,0.8116996130952381
480,39.01000000000001,8.96849,20.694960212201597,4.122015915119363,43.22643236074271,9.206166578249336,2.227877984084881,1.9126790450928384,1.133899204244032,0.4832841379310345,4.757819628647215
141,127.0,10.9728255,6.047619047619048,3.3809523809523814,11.889270000000002,13.173014285714286,2.7352380952380955,1.3542857142857143,0.5342857142857144,0.7322242857142859,0.5225155
68,100.0,7.607575249999999,7.6923076923076925,4.307692307692308,15.381043769076928,12.198476923076925,2.7761538461538464,1.4938461538461538,0.6930769230769231,0.6095692307692308,0.5851980961538461
522,126.0,26.090000000000003,31.5,4.25,70.92449475,9.3117,1.9775,1.8875,1.1949999999999998,0.4448824999999999,6.522500000000001
348,390.0,29.930303,9.069767441860462,4.465116279069767,18.24639148837209,11.202276744186046,2.667441860465116,1.6762790697674417,0.8413953488372095,0.5400437209302326,0.6960535581395351
56,138.0,10.561656,10.615384615384617,4.9230769230769225,21.4095445,11.055876923076925,2.7423076923076923,1.7730769230769232,0.9061538461538462,0.4971815384615385,0.8124350769230769
309,97.0,13.477328,12.125,4.375,24.98813313725,11.037175,2.54375,1.7199999999999998,0.9525,0.48659875,1.684666
51,106.0,12.831992,10.6,4.8,21.593638,11.82448,2.857,1.6869999999999998,0.8320000000000001,0.496379,1.2831992
520,56.0,9.577996,11.2,4.8,23.170338,12.0034,2.94,1.66,0.782,0.4930319999999999,1.9155992
472,58.0,11.874,19.33333333333333,4.666666666666667,39.987666666666655,9.5408,2.33,1.88,1.106666666666667,0.4878333333333333,3.958
537,150.0,19.382,30.0,5.6,67.9394,9.65936,2.3680000000000003,1.904,1.1840000000000002,0.466938,3.8764
310,80.0,5.60474375,8.888888888888891,4.4444444444444455,17.896326121999994,11.956833333333336,2.6844444444444444,1.5933333333333333,0.8155555555555556,0.5465966666666667,0.6227493055555555
441,336.0,22.189309,7.636363636363638,4.0,15.10485580681818,12.089745454545454,2.6870454545454545,1.539090909090909,0.7063636363636363,0.6324702272727273,0.5043024772727273
544,556.0,69.55422424999999,7.354497354497355,3.3492063492063493,14.629434503968255,12.4174208994709,2.5972222222222228,1.4609259259259262,0.6259788359788361,0.6986604232804233,0.9200294212962964
363,70.0,2.008328,4.666666666666667,3.2,8.808713333333333,13.51252,2.668,1.3186666666666669,0.5053333333333333,0.7623686666666668,0.1338885333333333
189,67.91,18.038400000000006,24.34050179211469,2.792114695340502,52.260336917562725,8.670342652329749,2.143727598566308,1.902652329749104,1.155483870967742,0.4716324014336918,6.465376344086023
562,219.0,40.747992,24.33333333333333,4.666666666666667,56.98088711111112,11.582422222222226,2.798888888888889,1.734444444444445,0.9211111111111108,0.47356,4.527554666666666
131,6.0,1.7,6.0,4.0,12.0096,11.2603,2.55,1.7,0.75,0.49954,1.7
365,464.0,38.109964,10.545454545454543,4.909090909090909,21.24292365909091,11.096063636363638,2.7384090909090912,1.718636363636364,0.8925,0.4972259090909091,0.8661355454545454
249,141.0,17.641328,23.5,4.5,54.026915,11.223166666666666,2.766666666666667,1.7583333333333335,0.9816666666666668,0.474655,2.9402213333333336
260,38.0,1.55316,12.666666666666664,5.333333333333333,26.024935442,13.652933333333332,2.986666666666667,1.75,0.98,0.4821566666666666,0.5177200000000001
396,0.0,0.0,0.0,0.0,0.0,0.0,0.0,0.0,0.0,0.0,0.0
156,96.0,15.55,48.0,4.0,116.3255,10.39875,2.24,2.015,1.1800000000000002,0.448895,7.775
377,586.0,42.25795600000001,8.027397260273974,4.1643835616438345,15.957114377534245,11.874615068493153,2.692328767123288,1.567945205479452,0.7372602739726029,0.6055734246575343,0.5788761095890412
629,86.0,8.841328,14.333333333333336,5.0,30.55068666666667,11.543,2.8316666666666666,1.735,0.89,0.4895066666666667,1.4735546666666668
593,246.0,26.015984,12.3,4.6,25.023328,10.987245,2.665,1.7795,0.946,0.4957955,1.3007992
160,76.0,16.630000000000006,25.33333333333333,4.333333333333333,55.30459633333333,9.3432,2.1566666666666667,1.8833333333333333,1.14,0.46586,5.543333333333334
590,407.0,33.992636,7.4,4.054545454545455,14.789610163490908,12.444894545454543,2.760727272727273,1.4610909090909088,0.6556363636363637,0.6392512727272728,0.6180479272727272
276,441.7000000000001,51.805803,10.617788461538463,4.540865384615385,21.58282781129808,11.62211995192308,2.7641586538461542,1.6840865384615389,0.8170673076923077,0.5429060336538463,1.2453318028846154
491,93.0,20.36,31.0,4.0,69.59212799999999,9.152733333333334,1.9666666666666663,1.9,1.1933333333333334,0.4463566666666667,6.786666666666666
148,552.0,42.521292,7.666666666666668,3.888888888888889,15.272094833333332,11.770372222222226,2.606111111111112,1.4972222222222222,0.7622222222222221,0.6063038888888889,0.5905735
400,383.7,26.315002,8.216274089935759,4.3832976445396135,16.317309175503212,12.039691006423984,2.743704496788008,1.5766381156316918,0.7503211991434691,0.5831941970021414,0.5634904068522483
424,114.0,17.46,22.8,5.6,49.204038,10.13144,2.352,1.8200000000000005,1.104,0.475566,3.492
583,112.0,24.655328,16.0,4.285714285714286,33.48278857142857,11.131014285714288,2.7614285714285707,1.7328571428571429,0.8871428571428571,0.4868971428571429,3.5221897142857137
622,131.5,26.962328000000003,21.91666666666667,4.666666666666667,50.53794033333333,11.667433333333332,2.858333333333333,1.7175,0.8875000000000001,0.4771483333333333,4.493721333333333
295,46.0,6.07141175,5.75,4.0,11.729290775,11.876775,2.6425,1.52,0.7124999999999999,0.5427912500000001,0.75892646875
417,490.0,39.979296000000005,10.0,4.571428571428571,20.29271888244898,10.563359183673471,2.6,1.7583673469387755,0.9395918367346938,0.4940618367346939,0.815904
218,357.0,32.80639175,10.818181818181818,4.484848484848484,22.26073637575757,10.939875757575756,2.62090909090909,1.763939393939394,0.9166666666666666,0.5081596969696971,0.9941330833333334
364,108.0,11.354575,36.0,6.0,87.21480105433335,12.602366666666668,2.98,1.7466666666666668,1.0166666666666668,0.44966,3.7848583333333337
182,100.0,7.558488000000001,10.0,4.8,20.2988926326,12.04083,2.755,1.6310000000000002,0.91,0.4927189999999999,0.7558488000000001
386,20.0,4.03,10.0,4.0,20.0468,9.706,2.225,1.9,0.945,0.49901,2.015
100,198.0,11.446319,4.604651162790699,3.1627906976744184,8.868461594418605,12.719672093023254,2.6162790697674416,1.3967441860465115,0.5544186046511629,0.724406511627907,0.2661934651162791
137,64.0,10.502995,32.0,4.0,71.6571,10.2719,2.545,1.93,1.1800000000000002,0.4576149999999999,5.2514975
178,176.0,9.93196,8.8,4.8,18.5863611398,12.63188,2.8355,1.6795000000000002,0.9190000000000002,0.4690149999999999,0.496598
511,446.0,35.30038374999999,10.61904761904762,4.857142857142857,21.30943346428572,11.186342857142858,2.7173809523809527,1.7323809523809528,0.8871428571428571,0.5100116666666666,0.8404853273809523
566,185.0,27.104327,46.25,4.25,113.1572575,11.865175,2.6,1.9325,1.07,0.4442925,6.77608175
626,86.0,6.674328,14.333333333333336,5.166666666666667,30.645953666333327,11.862733333333331,2.861666666666667,1.7,0.9016666666666668,0.4871716666666667,1.112388
39,72.0,5.439908,9.0,5.0,18.485977957625,11.719925,2.815,1.62625,0.84875,0.4840125000000001,0.6799885
346,454.0,50.8161515,21.619047619047624,4.9523809523809526,51.37534476190477,12.055304761904766,2.883809523809524,1.605714285714286,0.7933333333333333,0.52693,2.4198167380952382
2,406.0,30.472464,10.410256410256409,4.9230769230769225,20.931370931435897,11.541405128205128,2.7535897435897434,1.703846153846154,0.8943589743589744,0.4974982051282052,0.7813452307692307
458,445.0,70.486975,13.088235294117649,4.235294117647058,28.11121635294117,11.731567647058824,2.7188235294117646,1.6450000000000002,0.8161764705882353,0.543300294117647,2.073146323529412
69,116.0,7.767992,11.6,4.8,23.231818,11.023840000000002,2.644,1.794,0.96,0.499514,0.7767991999999999
213,348.0,31.275971,10.875,4.625,22.206043325,10.857175,2.640625,1.7878125,0.94,0.493379375,0.97737409375
426,50.0,4.073996,10.0,4.8,20.077018,11.33044,2.7060000000000004,1.6780000000000002,0.892,0.498454,0.8147992000000001
258,112.0,11.202328,18.666666666666668,4.666666666666667,41.99652,11.139866666666668,2.736666666666667,1.768333333333333,0.98,0.4789183333333333,1.8670546666666663
345,237.0,20.986984,10.304347826086955,4.478260869565218,20.92187185304348,10.293308695652174,2.526521739130435,1.7799999999999998,0.9678260869565216,0.4936504347826087,0.9124775652173912
415,100.0,7.5581595,8.333333333333334,4.0,16.583821666666665,11.666308333333332,2.5725,1.5508333333333333,0.8183333333333332,0.5803358333333333,0.629846625
113,30.0,1.7428315,6.0,3.2,11.663548,12.41584,2.518,1.394,0.6639999999999999,0.695602,0.3485663
229,582.0,59.27197099999999,18.1875,4.78125,40.4786745,10.904975,2.6615625,1.8115625,0.9790625,0.4829699999999999,1.85224909375
551,188.0,30.655328,31.33333333333333,5.0,75.83935333333334,11.625516666666668,2.8766666666666665,1.7133333333333336,0.9183333333333332,0.4663883333333334,5.109221333333333
74,114.0,8.505991999999999,11.4,4.6,23.0113257,10.59066,2.5860000000000003,1.7420000000000002,0.98,0.49618,0.8505991999999999
47,378.0,53.923,34.36363636363637,5.090909090909091,79.33656363636364,9.361645454545457,2.305454545454545,1.919090909090909,1.2045454545454546,0.4619963636363637,4.9020909090909095
115,392.0,38.13422525,6.426229508196722,3.4754098360655736,12.712897967114756,13.08057704918033,2.7240983606557383,1.3819672131147542,0.5598360655737704,0.7148009836065575,0.6251512336065573
97,1196.0,51.8113715,9.492063492063492,5.809523809523809,18.99699308380952,12.815213492063494,3.1997619047619046,1.5802380952380954,0.7323809523809524,0.507239126984127,0.4112013611111111
219,365.0,32.807971,11.40625,4.625,23.5326072,10.83646875,2.6253125,1.791875,0.9465625,0.4923949999999999,1.02524909375
576,419.0,51.28798000000001,10.219512195121949,3.682926829268293,22.869692292585373,12.95180487804878,2.7726829268292685,1.4239024390243902,0.6092682926829269,0.6846892682926831,1.2509263414634146
125,538.0,41.0634575,11.208333333333336,4.625,22.57963877083333,10.858372916666667,2.5995833333333334,1.7397916666666668,0.9395833333333332,0.5170564583333334,0.8554886979166666
108,58.0,11.874,19.33333333333333,4.666666666666667,39.987666666666655,9.5408,2.33,1.88,1.106666666666667,0.4878333333333333,3.958
603,552.4,67.146299,8.281859070464767,3.859070464767616,16.624895952023987,12.37972323838081,2.7162968515742127,1.5126086956521738,0.6659670164917542,0.6442256521739131,1.0066911394302849
17,315.0,36.06939975,15.0,4.714285714285714,32.62710619047619,11.522428571428572,2.786666666666666,1.718095238095238,0.8676190476190477,0.5117542857142857,1.7175904642857145
99,192.0,21.830311,8.0,4.666666666666667,16.332807916666667,11.292812499999998,2.75375,1.6725,0.8083333333333332,0.48742125,0.9095962916666666
328,100.0,8.337992,10.0,4.8,20.213348778,10.91369,2.698,1.743,0.8959999999999999,0.495736,0.8337992000000001
388,105.0,8.862328,17.5,5.166666666666667,39.180980333,11.749633333333335,2.845,1.7166666666666668,0.915,0.4830516666666667,1.4770546666666666
371,114.0,7.171324,9.5,4.166666666666667,19.240395713333328,10.711958333333332,2.4891666666666663,1.6975,0.99,0.4948558333333333,0.5976103333333334
517,30.0,1.7431599999999998,10.0,5.333333333333333,20.766935442,14.163933333333333,3.09,1.5566666666666666,0.8666666666666666,0.48039,0.5810533333333333
